z,T_m (C),T_co (C),T_ci (C),T_fo (C),T_max (C),x,x_e,Boiling_out_flag,SCB_out_flag,CHFR,CHFR_crit_flag,DeltaP_thisCell (Pa),Re,DeltaP_sum (Pa)
-1.84075,280.0263805381897,283.22101013004936,287.84188406612617,323.6620977142917,396.6238711889008,0,0,False,False,0,False,160.50761559464252,434468.4043434125,64423.21108146079
-1.8315000000000001,280.0543307410326,283.4333150818495,288.3210660759634,326.1320269992244,403.78064632975827,0,0,False,False,0,False,160.50729078687777,434519.0737444212,64423.21108146079
-1.8222500000000001,280.08384913334436,283.6469846139257,288.8013546953715,328.5931275948756,410.9769689115126,0,0,False,False,0,False,160.50694792579608,434572.5988640938,64423.21108146079
-1.8130000000000002,280.11493415717314,283.8620060925869,289.28272321876545,331.0453624854169,418.21260065550905,0,0,False,False,0,False,160.5065870571492,434628.9789827745,64423.21108146079
-1.8037500000000002,280.14758417188193,284.0783668177014,289.76514488847766,333.4886947022397,425.48729504405327,0,0,False,False,0,False,160.50620822901107,434688.2133410048,64423.21108146079
-1.7945000000000002,280.1817974542349,284.29605402361733,290.24859289642046,335.92308732633376,432.80078953395093,0,0,False,False,0,False,160.50581149175878,434750.3011393112,64423.21108146079
-1.78525,280.21757219848865,284.51505488008604,290.73304038575066,338.34850349069256,440.15281299559933,0,0,False,False,0,False,160.50539689805294,434815.24153798405,64423.21108146079
-1.776,280.2549065164872,284.73535649318745,291.21846045253517,340.7649063827397,447.543078933792,0,0,False,False,0,False,160.50496450281724,434883.0336568448,64423.21108146079
-1.76675,280.29379843776184,284.95694590625857,291.704826147419,343.1722592467753,454.97128814466134,0,0,False,False,0,False,160.50451436321657,434953.67657500255,64423.21108146079
-1.7575,280.3342459096351,285.1798101008237,292.1921104772938,345.5705253864342,462.43713143307406,0,0,False,False,0,False,160.50404653863518,435027.1693306004,64423.21108146079
-1.74825,280.3762467973291,285.4039359975276,292.6802864069689,347.959668167156,469.94028377116615,0,0,False,False,0,False,160.50356109065302,435103.5109205507,64423.21108146079
-1.739,280.41979888407815,285.62931045706995,293.1693268608421,350.33965101865937,477.4804079307249,0,0,False,False,0,False,160.50305808302204,435182.7003002596,64423.21108146079
-1.7297500000000001,280.4648998712458,285.855920281143,293.6592047245731,352.71043743742223,485.0571524379323,0,0,False,False,0,False,160.50253758164132,435264.7363833409,64423.21108146079
-1.7205000000000001,280.5115473784462,286.0837522133703,294.14989284675625,355.07199098915845,492.67015526065984,0,0,False,False,0,False,160.50199965453135,435349.6180413198,64423.21108146079
-1.7112500000000002,280.55973894366963,286.3127929402478,294.6413640405957,357.42427531129465,500.3190379443131,0,0,False,False,0,False,160.50144437180757,435437.34410332446,64423.21108146079
-1.7020000000000002,280.60947202341254,286.5430290920865,295.1335910855796,359.7672838933787,508.0034447184494,0,0,False,False,0,False,160.50087180565316,435527.91335576895,64423.21108146079
-1.6927500000000002,280.6607439928117,286.77444724395747,295.62654672915664,362.100891189841,515.7228642513701,0,0,False,False,0,False,160.50028203029126,435621.3245420237,64423.21108146079
-1.6835,280.7135521457829,287.0070339166376,296.1202036884113,364.42515040184554,523.4769828965186,0,0,False,False,0,False,160.4996751219557,435717.57636207616,64423.21108146079
-1.67425,280.7678936951636,287.2407755775577,296.61453465174066,366.73999570032584,531.2653340805583,0,0,False,False,0,False,160.49905115886224,435816.66747218056,64423.21108146079
-1.665,280.82376577286004,287.4756586417516,297.1095122805305,369.0454575293426,539.0875502653635,0,0,False,False,0,False,160.49841022117755,435918.5964844969,64423.21108146079
-1.65575,280.8811654299988,287.71166947280676,297.60510921083244,371.3413912342005,546.9430383473731,0,0,False,False,0,False,160.49775239098892,436023.36196671985,64423.21108146079
-1.6465,280.9400896370823,287.9487943838165,298.1012980550398,373.6278070503552,554.8313780650163,0,0,False,False,0,False,160.49707775227222,436130.96244169556,64423.21108146079
-1.63725,281.00053371526667,288.18701809197114,298.5980498572026,375.9046681723789,562.7520776704134,0,0,False,False,0,False,160.49638689860265,436241.3901505851,64423.21108146079
-1.6280000000000001,281.0623160000387,288.42615096916893,299.0951613443598,378.17178100192353,570.7044363531837,0,0,False,False,0,False,160.49573770798713,436353.9336974192,64423.21108146079
-1.6187500000000001,281.12560882383525,288.6663523367537,299.592778221997,380.4292668882931,578.6881259059536,0,0,False,False,0,False,160.49507347141656,436469.28909694543,64423.21108146079
-1.6095000000000002,281.1904088461232,288.907608330612,300.0908730398627,382.6770907499647,586.7026141959086,0,0,False,False,0,False,160.49439428136134,436587.45467055956,64423.21108146079
-1.60025,281.2567126468209,289.14990504116383,300.58941833267545,384.9152176097018,594.7473513853491,0,0,False,False,0,False,160.49370023202584,436708.4286923633,64423.21108146079
-1.5910000000000002,281.3245167264788,289.39322851432,301.0883866217972,387.14361259616794,602.8217737060924,0,0,False,False,0,False,160.49299141931198,436832.2093887237,64423.21108146079
-1.58175,281.39381750646396,289.6375647524398,301.58775041690456,389.3622409455106,610.9253024415857,0,0,False,False,0,False,160.49226794078177,436958.79493782093,64423.21108146079
-1.5725,281.4646113291492,289.8828997152894,302.08748221765916,391.57106800291797,619.0573438759172,0,0,False,False,0,False,160.4915298956194,437088.18346918677,64423.21108146079
-1.56325,281.5368944581059,290.1292193210007,302.58755451537724,393.7700592241498,627.2172892510719,0,0,False,False,0,False,160.49077738459297,437220.37306323124,64423.21108146079
-1.554,281.6106630783015,290.37650944703057,303.08793979469755,395.9591801770422,635.4045147327208,0,0,False,False,0,False,160.49001051001517,437355.3617507603,64423.21108146079
-1.54475,281.6859132963005,290.62475593112026,303.5886105352471,398.1383965429866,643.6183813849102,0,0,False,False,0,False,160.48922937570418,437493.1475124816,64423.21108146079
-1.5355,281.7626411404702,290.8739445722552,304.0895392133067,400.30767411838644,651.8582351539092,0,0,False,False,0,False,160.48843408694322,437633.7282785006,64423.21108146079
-1.52625,281.84084256119013,291.1240611316244,304.59069830347295,402.4669788160878,660.1234068616052,0,0,False,False,0,False,160.48762475044026,437777.1019278059,64423.21108146079
-1.5170000000000001,281.92051343106607,291.37509133358077,305.0920602803202,404.61620802890286,668.4131220583507,0,0,False,False,0,False,160.48680147428703,437923.26628774474,64423.21108146079
-1.5077500000000001,282.0016445685305,291.62701597330346,305.5935927267619,406.75545203876413,676.7268438742294,0,0,False,False,0,False,160.48596594534,438072.19992839155,64423.21108146079
-1.4985,282.08399245218584,291.8795855566721,306.0950329746224,408.8844106752568,685.063505632619,0,0,False,False,0,False,160.48519415976835,438222.976655135,64423.21108146079
-1.4892500000000002,282.1677925438531,292.1330215955956,306.596589400661,411.00325760606427,693.4226499751724,0,0,False,False,0,False,160.48441027041162,438376.5189234483,64423.21108146079
-1.48,282.2530404206458,292.38730969524335,307.09823451449626,413.11195932646496,701.8035322744258,0,0,False,False,0,False,160.483614391915,438532.8243266934,64423.21108146079
-1.47075,282.3397315832644,292.64243542899857,307.59994083425073,415.21048245582057,710.2053929563347,0,0,False,False,0,False,160.48280664009178,438691.89040353056,64423.21108146079
-1.4615,282.4278614562344,292.89838433941577,308.1016808881974,417.29879373894767,718.6274585325674,0,0,False,False,0,False,160.48198713187836,438853.71463733946,64423.21108146079
-1.45225,282.51742538814744,293.1551419391765,308.60342721640217,419.3768600474708,727.0689378220615,0,0,False,False,0,False,160.48115598528906,439018.2944556273,64423.21108146079
-1.443,282.60841865190713,293.412693712045,309.1051523723645,421.4446483811586,735.5290278387217,0,0,False,False,0,False,160.48031331937062,439185.627229429,64423.21108146079
-1.43375,282.7008364449781,293.67102511382285,309.6068289246542,423.50212586924295,744.0069100292717,0,0,False,False,0,False,160.47945925415618,439355.7102726957,64423.21108146079
-1.4245,282.79467388963997,293.93012157330276,310.10842945854546,425.5492597717215,752.5017513586776,0,0,False,False,0,False,160.47859391061945,439528.5408416739,64423.21108146079
-1.4152500000000001,282.8899260332443,294.1899684932211,310.60992657764746,427.5860174806445,761.0127044406988,0,0,False,False,0,False,160.47771741062797,439704.1161342742,64423.21108146079
-1.4060000000000001,282.9865878484764,294.45055125121013,311.1112929055318,429.612366521385,769.5389086410222,0,0,False,False,0,False,160.47682987689683,439882.4332894302,64423.21108146079
-1.39675,283.0843948134887,294.7116002397473,311.6122461263553,431.6280555528708,778.0791816568883,0,0,False,False,0,False,160.47601350799772,440062.5107009569,64423.21108146079
-1.3875000000000002,283.18355578306796,294.9733113109884,312.1129694303634,433.6332339775629,786.6328848564183,0,0,False,False,0,False,160.47520085946866,440245.1510646282,64423.21108146079
-1.37825,283.28410662469537,295.2357102009983,312.6134759387899,435.6279045130733,795.1991641576742,0,0,False,False,0,False,160.47437906469952,440430.5062453159,64423.21108146079
-1.369,283.38604203139613,295.49878221783166,313.11373839260267,437.61203524992214,803.7771009071589,0,0,False,False,0,False,160.47354825074535,440618.5731156825,64423.21108146079
-1.35975,283.48935662311936,295.76251264942977,313.61372956106436,439.5855944179915,812.3657660785246,0,0,False,False,0,False,160.47270854525016,440809.3484858827,64423.21108146079
-1.3505,283.5940449470223,296.02688676456273,314.113422243335,441.54855038770904,820.9642175716731,0,0,False,False,0,False,160.4718600763977,441002.8291028706,64423.21108146079
-1.34125,283.70010147775776,296.291889813769,314.61278927006975,443.5008716712181,829.571497565245,0,0,False,False,0,False,160.47100297286204,441199.01164969715,64423.21108146079
-1.332,283.80752061776616,296.55750703029446,315.11180350501365,445.44252692353376,838.1866395454585,0,0,False,False,0,False,160.47013736375857,441397.8927447984,64423.21108146079
-1.32275,283.91629669757043,296.8237236310281,315.61043784658983,447.37348494368473,846.8086608066546,0,0,False,False,0,False,160.46926337859406,441599.46894127264,64423.21108146079
-1.3135,284.026342751264,297.09044489146737,316.10858530351527,449.293646982758,855.4364728563113,0,0,False,False,0,False,160.46840710151065,441803.4351664466,64423.21108146079
-1.3042500000000001,284.13747275959594,297.3574787873042,316.6060416370342,451.20283256522754,864.0688515171629,0,0,False,False,0,False,160.46762637020538,442009.1173245332,64423.21108146079
-1.295,284.24993815329566,297.62506376537397,317.1030331325116,453.1012257582715,872.7050915460853,0,0,False,False,0,False,160.46683917585935,442217.46611560654,64423.21108146079
-1.2857500000000002,284.36373299655,297.8931850097373,317.599532866157,454.98879596630445,881.3441639919529,0,0,False,False,0,False,160.4660456503638,442428.47780021996,64423.21108146079
-1.2765,284.4788512833788,298.1618276929969,318.0955139569805,456.8655127432253,889.9850330315812,0,0,False,False,0,False,160.46524592571683,442642.1485697539,64423.21108146079
-1.26725,284.5952869379515,298.43097697721925,318.5909495683502,458.73134579348266,898.626649520096,0,0,False,False,0,False,160.4644401339723,442858.4745456459,64423.21108146079
-1.258,284.7130338149086,298.7006180148533,319.0858129095447,460.58626497312935,907.267954248284,0,0,False,False,0,False,160.46362840718922,443077.4517786123,64423.21108146079
-1.24875,284.83208569968536,298.9707359496473,319.5800772372997,462.43024029086405,915.907881256977,0,0,False,False,0,False,160.462810877381,443299.0762478605,64423.21108146079
-1.2395,284.95243630884,299.2413159175622,320.0737158573495,464.263241909061,924.5453523796812,0,0,False,False,0,False,160.46198767646507,443523.343860291,64423.21108146079
-1.23025,285.0738467220225,299.51211373773026,320.56647281600925,466.0850483923973,933.1789957206722,0,0,False,False,0,False,160.46123241696574,443749.40881341574,64423.21108146079
-1.221,285.19638972629684,299.78319277836965,321.05839976671155,467.8956963253607,941.8078117017069,0,0,False,False,0,False,160.46052040363455,443977.55119927804,64423.21108146079
-1.2117499999999999,285.3202081778801,300.0546854500696,321.5496174639094,469.69537086104685,950.431019697287,0,0,False,False,0,False,160.45980463707468,444208.3065139008,64423.21108146079
-1.2025000000000001,285.4452955417557,300.3265768923838,322.040099450285,471.48386620412396,959.0472440167912,0,0,False,False,0,False,160.45908524936777,444441.6703436713,64423.21108146079
-1.19325,285.5716452159353,300.5988522418488,322.52981932538046,473.26123897236243,967.6554953895845,0,0,False,False,0,False,160.4583623721959,444677.6381985654,64423.21108146079
-1.1840000000000002,285.6992505318069,300.87149663287727,323.0187507470995,475.0274602928852,976.2546497293865,0,0,False,False,0,False,160.45763613679082,444916.2055113076,64423.21108146079
-1.17475,285.8281047544872,301.144495198649,323.50686743320455,476.78250145316247,984.843576694348,0,0,False,False,0,False,160.45690667388337,445157.3676365223,64423.21108146079
-1.1655,285.95820108317656,301.4178330719984,323.9941431628065,478.52633390194137,993.4211401610918,0,0,False,False,0,False,160.45617411365365,445401.11984987685,64423.21108146079
-1.15625,286.08924575779747,301.6912116915894,324.480268083139,480.25869444849934,1001.9858396039325,0,0,False,False,0,False,160.45552874201758,445646.44567121356,64423.21108146079
-1.147,286.2213808663423,301.96476370007076,324.9653636083096,481.9796776623618,1010.5367148934687,0,0,False,False,0,False,160.45492410480801,445893.8629089328,64423.21108146079
-1.13775,286.35473337310077,302.23860673487343,325.4495362106899,483.68936527627125,1019.0727809909807,0,0,False,False,0,False,160.4543182869145,446143.83836210985,64423.21108146079
-1.1285,286.4892962398583,302.51272596416203,325.93275995745626,485.3877294106628,1027.592884590578,0,0,False,False,0,False,160.45371141654604,446396.3669601787,64423.21108146079
-1.11925,286.6250623645187,302.78710656037845,326.415008984719,487.07474235175266,1036.0958681227596,0,0,False,False,0,False,160.45310362104607,446651.44354931585,64423.21108146079
-1.1099999999999999,286.76202458147907,303.06173370110514,326.8962574989687,488.75037655240794,1044.5805722071254,0,0,False,False,0,False,160.45249502684337,446909.0628915447,64423.21108146079
-1.1007500000000001,286.9001756620079,303.3365925699249,327.3764797785145,490.4146046330074,1053.045832313028,0,0,False,False,0,False,160.45188575940318,447169.21966383373,64423.21108146079
-1.0915,287.0393813850242,303.6115423680814,327.85552418572087,492.06729596192974,1061.4903247059253,0,0,False,False,0,False,160.45131616255475,447431.4683978457,64423.21108146079
-1.0822500000000002,287.1794368450585,303.88637231294297,328.3331691660425,493.7082631505707,1069.912629817138,0,0,False,False,0,False,160.45084917153,447695.11632420303,64423.21108146079
-1.073,287.3206553589041,304.16138603185425,328.8097076424455,495.3377409977161,1078.3119906060535,0,0,False,False,0,False,160.45038340638013,447961.2684214188,64423.21108146079
-1.06375,287.46302947318645,304.43656877050915,329.2851142243446,496.955702819524,1086.68723987246,0,0,False,False,0,False,160.4499189886085,448229.9189975691,64423.21108146079
-1.0545,287.6065516735393,304.71190578506906,329.7593636002831,498.5621221038417,1095.0372108094814,0,0,False,False,0,False,160.44945603843536,448501.06227124215,64423.21108146079
-1.04525,287.7512143850016,304.9873823429954,330.232430539323,500.1569725110105,1103.36074048039,0,0,False,False,0,False,160.44899467475068,448774.69237060304,64423.21108146079
-1.036,287.89700997241744,305.26298372387726,330.70428989242674,501.74022787465935,1111.6566645045327,0,0,False,False,0,False,160.4485350150679,449050.8033324515,64423.21108146079
-1.02675,288.0437859789305,305.53855096427304,331.17477233784945,503.31174467904486,1119.9236349035093,0,0,False,False,0,False,160.44812255620036,449328.9014568098,64423.21108146079
-1.0175,288.1913363540776,305.81387187103144,331.6436553950064,504.87133673301497,1128.1602363490451,0,0,False,False,0,False,160.447819821258,449608.3099564511,64423.21108146079
-1.0082499999999999,288.33999268615355,306.0892700411426,332.1112524448672,506.41925426214266,1136.36575005673,0,0,False,False,0,False,160.44752066489582,449890.1643784374,64423.21108146079
-0.999,288.4897471292229,306.3647308428169,332.5775387115739,507.95547181864885,1144.5390239260296,0,0,False,False,0,False,160.44722519858232,450174.4583675741,64423.21108146079
-0.98975,288.6405917793929,306.6402396606864,333.0424895081774,509.4799641319124,1152.678909973058,0,0,False,False,0,False,160.44693353209027,450461.18547277304,64423.21108146079
-0.9805,288.7925186752309,306.91578189660197,333.5060802379669,510.9927061092118,1160.7842648455899,0,0,False,False,0,False,160.44664577345299,450750.3391460843,64423.21108146079
-0.97125,288.94551979818425,307.1913429704255,333.96828639578905,512.4936728364576,1168.8539513004628,0,0,False,False,0,False,160.44636202892116,451041.9127417204,64423.21108146079
-0.962,289.09925630488783,307.46657715676685,334.4287524053091,513.9825716412603,1176.88640304925,0,0,False,False,0,False,160.44618665369978,451334.8071940766,64423.21108146079
-0.95275,289.2538663675034,307.7416165162267,334.8876005507739,515.4594972224415,1184.8806856482654,0,0,False,False,0,False,160.44607398562974,451629.4951485954,64423.21108146079
-0.9435,289.40952277619317,308.01662775385535,335.34498783598616,516.9245719622774,1192.8359134333023,0,0,False,False,0,False,160.44596716707377,451926.56643616455,64423.21108146079
-0.93425,289.5662173155646,308.29159640326804,335.80089016893214,518.3777716863402,1200.750975753078,0,0,False,False,0,False,160.44586629610427,452226.01399602706,64423.21108146079
-0.9249999999999999,289.7239417154334,308.5665080201891,336.25528355583367,519.8190724024104,1208.6247666009049,0,0,False,False,0,False,160.44577146869813,452527.83066500153,64423.21108146079
-0.91575,289.8826876512605,308.84134818321127,336.70814410241184,521.2484503011591,1216.456187994879,0,0,False,False,0,False,160.44568277869683,452832.0091764882,64423.21108146079
-0.9065,290.0423030994572,309.11595797069015,337.1593034912808,522.6657654584163,1224.2439638948238,0,0,False,False,0,False,160.44564548105896,453138.07953050453,64423.21108146079
-0.89725,290.2025228733362,309.3900647728386,337.60847979453865,524.0707871088739,1231.986675453022,0,0,False,False,0,False,160.44574068381587,453445.20432463236,64423.21108146079
-0.888,290.36373551642976,309.66405375553506,338.0560489380671,525.4638137556343,1239.6837737934482,0,0,False,False,0,False,160.44584382095292,453754.6528331812,64423.21108146079
-0.8787499999999999,290.5259325200927,309.93791063231447,338.50198747401043,526.8448223461032,1247.334199462284,0,0,False,False,0,False,160.44595497623277,454066.4173552872,64423.21108146079
-0.8694999999999999,290.6891053237261,310.21162114349505,338.94627206038564,528.2137900139094,1254.9369021726286,0,0,False,False,0,False,160.44607423097722,454380.4900820756,64423.21108146079
-0.86025,290.8532453152294,310.48517105690246,339.38887946228596,529.5706940795393,1262.4908431266397,0,0,False,False,0,False,160.4462016640323,454696.8630956531,64423.21108146079
-0.851,291.0182806153318,310.7584822357277,339.8297226202139,530.9154608600218,1269.9949083295687,0,0,False,False,0,False,160.44635714395355,455015.3299836544,64423.21108146079
-0.84175,291.18375671031714,311.03108972465066,340.2683277366757,532.2477075182295,1277.4474862876464,0,0,False,False,0,False,160.44668059812727,455334.4807941015,64423.21108146079
-0.8325,291.35017060940226,311.30349095030897,340.70518347711703,533.5678218708086,1284.8482440406042,0,0,False,False,0,False,160.44701397495766,455655.89217160305,64423.21108146079
-0.82325,291.5175135294247,311.57567183581966,341.14026708490684,534.8757820110108,1292.196187592596,0,0,False,False,0,False,160.44735734129478,455979.5557450937,64423.21108146079
-0.8140000000000001,291.6857766381892,311.84761833552705,341.57355591654346,536.171566222041,1299.4903351751022,0,0,False,False,0,False,160.4477107612191,456305.4630299261,64423.21108146079
-0.8047500000000001,291.8549510549339,312.1193164356884,342.00502744279413,537.455152977645,1306.7297185026844,0,0,False,False,0,False,160.44807429601178,456633.6054268582,64423.21108146079
-0.7954999999999999,292.0249405224304,312.39066332822136,342.4345704228917,538.7264501427359,1313.9132628724972,0,0,False,False,0,False,160.44847538793704,456963.70667676313,64423.21108146079
-0.7862499999999999,292.1953141635732,312.6612159977876,342.8617334920634,539.9850949823928,1321.0394580597304,0,0,False,False,0,False,160.4490466996184,457294.46234631917,64423.21108146079
-0.7769999999999999,292.3665690978929,312.931475419134,343.2870093593129,541.2314772281244,1328.1080544926672,0,0,False,False,0,False,160.4496298073312,457627.4118010086,64423.21108146079
-0.7677499999999999,292.5386962867223,313.20142775310046,343.71037600386387,542.4655761413871,1335.118134736856,0,0,False,False,0,False,160.4502247584494,457962.545970042,64423.21108146079
-0.7585,292.71168664535696,313.4710591959526,344.1318115249252,543.6873711770425,1342.0687970359415,0,0,False,False,0,False,160.4508315972697,458299.8556635352,64423.21108146079
-0.74925,292.88553104353537,313.74035598002916,344.5512941427652,544.8968419838991,1348.9591515914813,0,0,False,False,0,False,160.45145036498815,458639.33157149766,64423.21108146079
-0.74,293.0600065203634,314.00908565758544,344.96858348297803,546.0937947978664,1355.7880353545956,0,0,False,False,0,False,160.4521483414377,458980.324676471,64423.21108146079
-0.73075,293.23490830349124,314.2770345563652,345.38345803247427,547.2780513666632,1362.554323048745,0,0,False,False,0,False,160.45298746058756,459322.23664535047,64423.21108146079
-0.7215,293.410633533168,314.54460484719436,345.79631220748786,548.4499221942864,1369.2577183597161,0,0,False,False,0,False,160.45384012527222,459666.2717472059,64423.21108146079
-0.71225,293.5871729347883,314.81178295546783,346.20712476547294,549.6093877312499,1375.897391344325,0,0,False,False,0,False,160.454706360873,460012.4201827798,64423.21108146079
-0.7029999999999998,293.76451719077573,315.07855534595,346.61587459030835,550.756428624652,1382.4725249777762,0,0,False,False,0,False,160.45558618941092,460360.6720283168,64423.21108146079
-0.6937499999999999,293.94265694107423,315.34490852338155,347.02254069330496,551.8910257186743,1388.9823172966067,0,0,False,False,0,False,160.45647962952984,460711.01723456156,64423.21108146079
-0.6844999999999999,294.1211460575033,315.61037947011465,347.42665265123645,553.012804548956,1395.4253857947365,0,0,False,False,0,False,160.45752411716515,461062.17027500906,64423.21108146079
-0.6752499999999999,294.3002030563087,315.8751895402101,347.8284245008269,554.1219325225089,1401.801190575455,0,0,False,False,0,False,160.45864845423446,461414.781697826,64423.21108146079
-0.6659999999999999,294.48002446367315,316.13953745674786,348.22804773644776,555.2185588850656,1408.109415552956,0,0,False,False,0,False,160.4597879311891,461769.4416634758,64423.21108146079
-0.65675,294.66060078879923,316.4034099347939,348.6255019334664,556.3026652954256,1414.3492376721026,0,0,False,False,0,False,160.46094254901328,462126.1396165662,64423.21108146079
-0.6475,294.8419225010454,316.66679373246143,349.0207667996839,557.3742336118861,1420.5199314661863,0,0,False,False,0,False,160.46211230507842,462484.8648719587,64423.21108146079
-0.63825,295.0238920319166,316.92958451601646,349.41373104081265,558.4331740282337,1426.620663589926,0,0,False,False,0,False,160.46332484111974,462845.3567891924,64423.21108146079
-0.629,295.2060050157965,317.1912568105332,349.80386231149953,559.4790651460183,1432.6500609943155,0,0,False,False,0,False,160.46473596522833,463206.1964551708,64423.21108146079
-0.61975,295.3888319313155,317.452398375648,350.191741591442,560.5123634813312,1438.6082361655522,0,0,False,False,0,False,160.466163685975,463569.01709498913,64423.21108146079
-0.6105,295.57236312904826,317.7129961940098,350.5773491741967,561.5330517173538,1444.4945233650985,0,0,False,False,0,False,160.467607981456,463933.80750467465,64423.21108146079
-0.6012499999999998,295.75658892239807,317.9730372941915,350.9606654904437,562.5409926513403,1450.3080699969883,0,0,False,False,0,False,160.4690688259396,464300.5563464335,64423.21108146079
-0.5919999999999999,295.94149958810823,318.2325087512203,351.3416711088652,563.5364070445505,1456.0486381248004,0,0,False,False,0,False,160.4705461898617,464669.25214769517,64423.21108146079
-0.5827499999999999,296.12661154527444,318.49090392539546,351.71985297530665,564.5187724343128,1461.7147560060507,0,0,False,False,0,False,160.47218894828097,465038.5703962543,64423.21108146079
-0.5734999999999999,296.31216822852195,318.7484739920585,352.09545594288534,565.4882803135139,1467.306165316671,0,0,False,False,0,False,160.47391806496887,465409.19584168255,64423.21108146079
-0.5642499999999999,296.4983779556384,319.0054335290437,352.4686883597747,566.4450931886331,1472.822575731106,0,0,False,False,0,False,160.47566505600702,465781.72001589986,64423.21108146079
-0.5549999999999999,296.6852308986568,319.2617698513168,352.8395314041719,567.3891949844003,1478.2634087664533,0,0,False,False,0,False,160.47742987081102,466156.13091275457,64423.21108146079
-0.54575,296.8727171956622,319.5174703229387,353.20796639658545,568.320569829718,1483.6281033521677,0,0,False,False,0,False,160.47921245477826,466532.4163874769,64423.21108146079
-0.5365,297.0605966375873,319.77228074252304,353.5737331856113,569.2390125438736,1488.9157894770706,0,0,False,False,0,False,160.48108542272982,466909.9431211426,64423.21108146079
-0.52725,297.24860534626265,320.02592226287385,353.9365470678853,570.1442991091761,1494.1255819398757,0,0,False,False,0,False,160.4831293258598,467288.00978167995,64423.21108146079
-0.518,297.4372153393613,320.2788880869035,354.2968954843094,571.036811069384,1499.25762906952,0,0,False,False,0,False,160.4851922646336,467667.90126214776,64423.21108146079
-0.5087499999999998,297.6264166622327,320.53116583092515,354.654760383649,571.9165333981372,1504.311423619774,0,0,False,False,0,False,160.4872741619094,468049.604873526,64423.21108146079
-0.49949999999999983,297.8161993290166,320.7827431627858,355.0101238609644,572.7834512750774,1509.2864750659298,0,0,False,False,0,False,160.48937493636595,468433.1077845761,64423.21108146079
-0.49024999999999985,298.0065282516327,321.03358131384414,355.3629416698835,573.6375293514252,1514.1822676537256,0,0,False,False,0,False,160.49150245916172,468818.33111991204,64423.21108146079
-0.48099999999999987,298.196713127652,321.2829494415288,355.71247758544837,574.478190932746,1518.997388505491,0,0,False,False,0,False,160.49387291871523,469203.4704228583,64423.21108146079
-0.4717499999999999,298.38744709923895,321.531578421075,356.05945719613675,575.3060036738253,1523.7323669173013,0,0,False,False,0,False,160.49626342015043,469590.3577467344,64423.21108146079
-0.4624999999999999,298.5787200996415,321.7794561838921,356.40386324250807,576.1209536069618,1528.386765052074,0,0,False,False,0,False,160.4986738581659,469978.97970641626,64423.21108146079
-0.45324999999999993,298.77052203365815,322.0265707151582,356.7456786150722,576.9230269721085,1532.9601541127888,0,0,False,False,0,False,160.50110412314694,470369.3227712327,64423.21108146079
-0.44399999999999995,298.962842778171,322.2729100542385,357.08488635497685,577.7122102171878,1537.4521239333826,0,0,False,False,0,False,160.50355410118277,470761.3732641412,64423.21108146079
-0.43474999999999997,299.15505946454414,322.5178113758568,357.4208187354427,578.4879815368542,1541.8614151135469,0,0,False,False,0,False,160.5062172093232,471153.5526210861,64423.21108146079
-0.4255,299.3476264225457,322.76175647563673,357.75395274756335,579.2507137651479,1546.188290739787,0,0,False,False,0,False,160.5089473249639,471547.0272369418,64423.21108146079
-0.41625,299.5406797376976,323.00488899889797,358.08442732935504,580.0005154200842,1550.4325788400915,0,0,False,False,0,False,160.5116981950207,471942.15588265675,64423.21108146079
-0.4069999999999998,299.734209220835,323.2471972612914,358.4122261866405,580.7373738108777,1554.5939175131036,0,0,False,False,0,False,160.514469680067,472338.9243170508,64423.21108146079
-0.3977499999999998,299.9282046576615,323.48866963465133,358.73733317914434,581.461276456162,1558.671953702574,0,0,False,False,0,False,160.51726163628197,472737.31814962387,64423.21108146079
-0.38849999999999985,300.1221684033674,323.72877287043474,359.0592106441702,582.1718041849145,1562.6656595007614,0,0,False,False,0,False,160.52022881794693,473136.11004365,64423.21108146079
-0.37924999999999986,300.31629053266363,323.967710061241,359.3780573583539,582.8691126089357,1566.574989764242,0,0,False,False,0,False,160.5233080765805,473535.77848158963,64423.21108146079
-0.3699999999999999,300.5108460981203,324.2057752052056,359.6941631022846,583.5534281760125,1570.400029648065,0,0,False,False,0,False,160.52640872758934,473937.01735431404,64423.21108146079
-0.3607499999999999,300.7058248312854,324.44295695990417,360.0075124146316,584.2247392725121,1574.1404703522205,0,0,False,False,0,False,160.52953060037203,474339.8117004232,64423.21108146079
-0.3514999999999999,300.9012164413725,324.6792440408901,360.31808999089935,584.8830344955031,1577.7960167794233,0,0,False,False,0,False,160.53267351986557,474744.14640660334,64423.21108146079
-0.34224999999999994,301.09661806938726,324.91420228304463,360.6254577449894,585.5279731807569,1581.3658278085793,0,0,False,False,0,False,160.53596272076084,475149.0576064484,64423.21108146079
-0.33299999999999996,301.2920106202883,325.1478112732724,360.92959144210346,586.15953736696,1584.8496167105204,0,0,False,False,0,False,160.539401460642,475554.50380252546,64423.21108146079
-0.32375,301.48778350194965,325.38049069408015,361.2309070425234,586.7780519338157,1588.247685612829,0,0,False,False,0,False,160.54286205105095,475961.43375033414,64423.21108146079
-0.3145,301.6839263816705,325.61222955565296,361.5293899338841,587.3835063519978,1591.5597776295635,0,0,False,False,0,False,160.54634428889406,476369.8317605639,64423.21108146079
-0.3052499999999998,301.88042890722215,325.84301692774807,361.8250256632582,587.9758903039994,1594.7856485663747,0,0,False,False,0,False,160.5498479665801,476779.68198979436,64423.21108146079
-0.2959999999999998,302.07696245495345,326.07249668431245,362.11745468196,588.5549250030825,1597.9246090065521,0,0,False,False,0,False,160.55347458492008,477190.22142418183,64423.21108146079
-0.28674999999999984,302.27334108209914,326.30046777560176,362.4064726178449,589.1204526790459,1600.9761856573587,0,0,False,False,0,False,160.55728065041998,477601.0172639635,64423.21108146079
-0.27749999999999986,302.4700468339742,326.527453791765,362.69259983906926,589.6728795387453,1603.9408615294321,0,0,False,False,0,False,160.56110882618515,478013.20706042997,64423.21108146079
-0.2682499999999999,302.66706932864184,326.7534441052346,362.97582259665063,590.2121961435049,1606.818428617121,0,0,False,False,0,False,160.56495887549687,478426.774390716,64423.21108146079
-0.2589999999999999,302.86439816744803,326.97842814941305,363.25612730331926,590.7383932674264,1609.6086877129599,0,0,False,False,0,False,160.56883055713618,478841.70267608576,64423.21108146079
-0.24974999999999992,303.0617631284937,327.2021116950316,363.5332168100361,591.2512412769781,1612.3110766590185,0,0,False,False,0,False,160.57280715161215,479257.3824190175,64423.21108146079
-0.24049999999999994,303.25884437172004,327.42414663481213,363.8067401908088,591.7504689315953,1614.9249705661387,0,0,False,False,0,False,160.5769884828081,479673.08647320647,64423.21108146079
-0.23124999999999996,303.45619951614356,327.64514307679156,364.07730483616467,592.2365501806983,1617.4510103018026,0,0,False,False,0,False,160.58119198262744,480090.09155713633,64423.21108146079
-0.22199999999999998,303.6538181455531,327.8650907641564,364.34489787312924,592.7094766817481,1619.8890291308421,0,0,False,False,0,False,160.58541737967002,480508.3805109826,64423.21108146079
-0.21275,303.8516898298311,328.08397950226936,364.60950659239035,593.1692403057839,1622.2388682402445,0,0,False,False,0,False,160.58966439806636,480927.9360177645,64423.21108146079
-0.2034999999999998,304.04959115681066,328.30156507444957,364.8708843642113,593.6156512206985,1624.5000733644913,0,0,False,False,0,False,160.59400129013915,481348.26975476864,64423.21108146079
-0.1942499999999998,304.24708945327455,328.5173735845641,365.12855498114976,594.0483413461615,1626.6718948147482,0,0,False,False,0,False,160.59856422774328,481768.4265120923,64423.21108146079
-0.18499999999999983,304.44480848836434,328.7320923115211,365.38320351267305,594.467845118409,1628.755108692111,0,0,False,False,0,False,160.60314917913206,482189.78822873393,64423.21108146079
-0.17574999999999985,304.6427378266632,328.94571137690804,365.6348179729126,594.8741552958026,1630.7495892347802,0,0,False,False,0,False,160.60775583732664,482612.3370069397,64423.21108146079
-0.16649999999999987,304.8408670216548,329.1582209655084,365.8833865412923,595.2672648509327,1632.6552139285507,0,0,False,False,0,False,160.61238389094413,483036.05479102966,64423.21108146079
-0.1572499999999999,305.0390153629425,329.36942291458683,366.12870915191905,595.6470206006691,1634.4716250441572,0,0,False,False,0,False,160.61708814174153,483460.5578548397,64423.21108146079
-0.1479999999999999,305.23665045976327,329.5787302288103,366.37019700860486,596.0129674957951,1636.197960124941,0,0,False,False,0,False,160.62203781398284,483884.7034218342,64423.21108146079
-0.13874999999999993,305.4344532807398,329.78689867161575,366.6086041763292,596.3656937686294,1637.8351201842443,0,0,False,False,0,False,160.62700912345787,484309.9547605756,64423.21108146079
-0.12949999999999995,305.632413386033,329.9939187493785,366.8439195654972,596.7051932823179,1639.3830129301548,0,0,False,False,0,False,160.6320017268542,484736.2932368531,64423.21108146079
-0.12024999999999997,305.8305203275028,330.1997810325105,367.07613225312184,597.0314601147381,1640.8415496238886,0,0,False,False,0,False,160.63701527655545,485163.70005831274,64423.21108146079
-0.11099999999999977,306.028635735313,330.4043337315018,367.3050890589448,597.3443779293352,1642.2104659622266,0,0,False,False,0,False,160.6420909138339,485591.8902091724,64423.21108146079
-0.10174999999999979,306.22612281248485,330.6068704699866,367.53008231857535,597.643399775393,1643.4887763879694,0,0,False,False,0,False,160.64743202152485,486019.5380756178,64423.21108146079
-0.0924999999999998,306.4237248237181,330.80822148965837,367.75194108847387,597.9291724347627,1644.6775096736922,0,0,False,False,0,False,160.65279416328838,486448.18938452157,64423.21108146079
-0.08324999999999982,306.62143133977236,331.0083776873993,367.9706551831436,598.2016908786225,1645.7766040445397,0,0,False,False,0,False,160.6581769588298,486877.82476972294,64423.21108146079
-0.07399999999999984,306.81923192589153,331.20733002479693,368.18621458470443,598.4609502932423,1646.7860047133927,0,0,False,False,0,False,160.66358002368491,487308.4247072976,64423.21108146079
-0.06474999999999986,307.0170391839447,331.4049831871414,368.398523101942,598.7068790085741,1647.7055472678426,0,0,False,False,0,False,160.6690281822584,487739.81450418575,64423.21108146079
-0.05549999999999988,307.2141065211671,331.60050270102863,368.60674548795686,598.9388312917648,1648.5341121138915,0,0,False,False,0,False,160.67476276549914,488170.4881058057,64423.21108146079
-0.0462499999999999,307.41123631451427,331.79479194117187,368.8117844470172,599.1575115604174,1649.272850848199,0,0,False,False,0,False,160.6805175402471,488602.0598026163,64423.21108146079
-0.03699999999999992,307.60841815966916,331.9878421991592,369.0136307033515,599.3629158960364,1649.9217320007926,0,0,False,False,0,False,160.68629208879508,489034.5095031547,64423.21108146079
-0.02774999999999994,307.80564164956724,332.1796448317906,369.2122751495155,599.555040595443,1650.480726835668,0,0,False,False,0,False,160.69208598943618,489467.81695919414,64423.21108146079
-0.01849999999999996,308.0028830629789,332.3701762382473,369.40769382358627,599.7338704973065,1650.9497955741247,0,0,False,False,0,False,160.6979031937424,489901.9358126098,64423.21108146079
-0.009249999999999758,308.1992519189741,332.55843507569557,369.59888512478483,599.8986307874718,1651.3276282796312,0,0,False,False,0,False,160.7040331762618,490335.12652662105,64423.21108146079
2.220446049250313e-16,308.39563113967205,332.7454214114376,369.7868489656409,600.0501019910422,1651.615529752606,0,0,False,False,0,False,160.71018226580526,490769.10693277663,64423.21108146079
0.009250000000000203,308.59201036036995,332.9311269354077,369.971576984497,600.1882813015302,1651.8134954919594,0,0,False,False,0,False,160.71635000691654,491203.8562246325,64423.21108146079
0.018500000000000183,308.7883792163652,333.11554340310494,370.1530609884439,600.3131661278579,1651.921526483514,0,0,False,False,0,False,160.72253594034356,491639.3534406498,64423.21108146079
0.027750000000000163,308.98472734350196,333.2986626357235,370.3312929534484,600.4247540944051,1651.9396291842938,0,0,False,False,0,False,160.72873960312472,492075.5774643723,64423.21108146079
0.037000000000000144,309.18019447792256,333.47951187856,370.5053003827523,600.5222929994704,1651.866557910666,0,0,False,False,0,False,160.73524147604388,492510.90205870307,64423.21108146079
0.046250000000000124,309.37554865713213,333.6589673484509,370.67595985429625,600.6064682335673,1651.7034827556206,0,0,False,False,0,False,160.74178478120928,492946.76980368287,64423.21108146079
0.055500000000000105,309.57085126699894,333.8371025432545,370.84334533018273,600.6773413918155,1651.4505327323022,0,0,False,False,0,False,160.74834536562832,493383.2943444267,64423.21108146079
0.06475000000000009,309.76609199964275,334.0139096197369,371.0074495345375,600.7349109960836,1651.107736200489,0,0,False,False,0,False,160.75492273238044,493820.45402023353,64423.21108146079
0.07400000000000007,309.96126055044914,334.18938080055136,371.16826536045886,600.7791757836444,1650.675127011139,0,0,False,False,0,False,160.76151638107913,494258.2270180021,64423.21108146079
0.08325000000000027,310.15560016861224,334.36265559431286,371.3249330900572,600.8094711409597,1650.151632413068,0,0,False,False,0,False,160.76837487737808,494695.22839433496,64423.21108146079
0.09250000000000025,310.34966249581015,334.5343691612645,371.47808876008,600.8262961539164,1649.5381353575326,0,0,False,False,0,False,160.77531116604627,495132.45667466416,64423.21108146079
0.10175000000000023,310.54362224445293,334.70472538558585,371.6279372341746,600.8298147020173,1648.834962035347,0,0,False,False,0,False,160.7822631070822,495570.22678663634,64423.21108146079
0.11100000000000021,310.7374691775352,334.87371682677554,371.77447215421853,600.8200264201352,1648.04216763531,0,0,False,False,0,False,160.78923016590483,496008.51638762956,64423.21108146079
0.12025000000000019,310.9311930640058,335.04133611028004,371.9176873308914,600.7969311583738,1647.1598159509392,0,0,False,False,0,False,160.7962118047435,496447.3029858769,64423.21108146079
0.12950000000000017,311.1241760009567,335.2068774889588,372.0568783050775,600.7599849876156,1646.187062175115,0,0,False,False,0,False,160.8034115242028,496885.49398095394,64423.21108146079
0.13875000000000015,311.31668106822445,335.37064867586446,372.1923541805779,600.7094331959304,1645.1243902931212,0,0,False,False,0,False,160.8107378969961,497323.54296595074,64423.21108146079
0.14800000000000013,311.50903318534125,335.533027873454,372.32449465324856,600.6455763563378,1643.9723822932447,0,0,False,False,0,False,160.81807803485356,497762.01602852694,64423.21108146079
0.1572500000000001,311.701222200151,335.6940080446898,372.453294282022,600.5684152161294,1642.731122413843,0,0,False,False,0,False,160.82543136571317,498200.89016490564,64423.21108146079
0.16650000000000031,311.89323796910594,335.85358221842404,372.57874779420786,600.4779507375415,1641.400703833874,0,0,False,False,0,False,160.83279731463188,498640.14222618786,64423.21108146079
0.17575000000000007,312.0846480797377,336.0112551402354,372.7003617362399,600.3738032893585,1639.9805850859832,0,0,False,False,0,False,160.8403179923843,499079.03201561136,64423.21108146079
0.18500000000000028,312.2753356932427,336.1668973819995,372.8180085831514,600.2558783485367,1638.4707081787242,0,0,False,False,0,False,160.8480296583951,499517.35082176124,64423.21108146079
0.19425000000000003,312.46582069799143,336.32111542928357,372.93229682586923,600.124655592338,1636.8719856522787,0,0,False,False,0,False,160.8557529364088,499955.9732668764,64423.21108146079
0.20350000000000024,312.6560930403722,336.47390264841545,373.04322193817717,599.9801368792223,1635.1845328059767,0,0,False,False,0,False,160.8634872172491,500394.8757103645,64423.21108146079
0.21275,312.8461426779973,336.6252524714471,373.1507795615681,599.822324282197,1633.4084714612275,0,0,False,False,0,False,160.87123188919813,500834.0343713298,64423.21108146079
0.2220000000000002,313.03577655369554,336.77494572003525,373.2547528290081,599.6510540172081,1631.5436548935556,0,0,False,False,0,False,160.8790482888062,501273.12517426844,64423.21108146079
0.23124999999999996,313.2243858105056,336.9222808605545,373.3544426199277,599.4657854943988,1629.589307972498,0,0,False,False,0,False,160.88713914189822,501711.13869499747,64423.21108146079
0.24050000000000016,313.4127435945292,337.0681620645006,373.45075562049726,599.2672322123375,1627.546765964889,0,0,False,False,0,False,160.895239184936,502149.3328234358,64423.21108146079
0.24975000000000036,313.60083996442717,337.21258310087853,373.54368821588304,599.0553971387976,1625.4161770211556,0,0,False,False,0,False,160.90334777214647,502587.6833109186,64423.21108146079
0.2590000000000001,313.78866499265746,337.3555378041559,373.6332369580621,598.8302834555992,1623.1977003445606,0,0,False,False,0,False,160.91146425558492,503026.16577412444,64423.21108146079
0.2682500000000003,313.9762087659994,337.49702007432876,373.71939856574477,598.591894558567,1620.8914985120468,0,0,False,False,0,False,160.91958798524428,503464.75569608924,64423.21108146079
0.2775000000000001,314.16261730906604,337.63603695241477,373.801182999719,598.3394619090403,1618.4964528034338,0,0,False,False,0,False,160.9280088263092,503902.09964265325,64423.21108146079
0.2867500000000003,314.3486035178785,337.7734288855246,373.8794337277677,598.0736509658593,1616.0138485713153,0,0,False,False,0,False,160.9364783794506,504339.3057107746,64423.21108146079
0.29600000000000004,314.53428042872866,337.90933377563994,373.9542917732875,597.7945782177821,1613.4440623294456,0,0,False,False,0,False,160.94495374883675,504776.5421387302,64423.21108146079
0.30525000000000024,314.71963824177135,338.0437458577283,374.0257545932384,597.5022479527211,1610.7872902974286,0,0,False,False,0,False,160.95343425091733,505213.7839726537,64423.21108146079
0.3145,314.9046671740028,338.17665943193396,374.0938198101651,597.1966646719778,1608.0437338198237,0,0,False,False,0,False,160.96191920048074,505651.0061316883,64423.21108146079
0.3237500000000002,315.0888836315943,338.3075124617564,374.1579288101997,596.8773969703572,1605.2128754925595,0,0,False,False,0,False,160.97057106099507,506087.4642193822,64423.21108146079
0.3330000000000004,315.27224802910905,338.4362654857674,374.2180456545985,596.544422684437,1602.2948900341928,0,0,False,False,0,False,160.97940022901807,506523.08381579584,64423.21108146079
0.34225000000000017,315.45525620200203,338.56350707735186,374.2747625392966,596.19821240665,1599.290785957151,0,0,False,False,0,False,160.9882322110474,506958.6055142476,64423.21108146079
0.35150000000000037,315.63789849128136,338.68923186985757,374.32807781986673,595.83877152783,1596.2007986157987,0,0,False,False,0,False,160.9970662888069,507394.0038276795,64423.21108146079
0.3607500000000001,315.82016525726596,338.8134345613877,374.3779900161151,595.4661056514924,1593.0251752150314,0,0,False,False,0,False,161.00590174278724,507829.25314956176,64423.21108146079
0.37000000000000033,316.0020358478899,338.9360968796931,374.4244847767721,595.0802103555149,1589.7641539628069,0,0,False,False,0,False,161.01474170838696,508264.31172278157,64423.21108146079
0.3792500000000001,316.1825445562027,339.05608481286083,374.4664321099737,594.680204640744,1586.4165156392519,0,0,False,False,0,False,161.02392020101436,508697.7617885045,64423.21108146079
0.3885000000000003,316.36265112232394,339.17453940014536,374.50497717388083,594.2669945651103,1582.9840398891954,0,0,False,False,0,False,161.0330982319106,509130.9836575159,64423.21108146079
0.39775000000000005,316.5423460404058,339.2914556700686,374.5401192145616,593.8405866184323,1579.4670105705736,0,0,False,False,0,False,161.0422750489762,509563.95134942525,64423.21108146079
0.40700000000000025,316.7216198263266,339.406828715428,374.5718576407771,593.4009875024127,1575.8657213949025,0,0,False,False,0,False,161.05144989933206,509996.6387727482,64423.21108146079
0.41625,316.9004630181918,339.52065369335156,374.60019202380863,592.94820413055,1572.1804761171168,0,0,False,False,0,False,161.06062202943505,510429.01972650364,64423.21108146079
0.4255000000000002,317.0784304879194,339.63240920888853,374.62460548081515,592.4818367458149,1568.410907499492,0,0,False,False,0,False,161.06994357599137,510860.4596838713,64423.21108146079
0.4347500000000004,317.255401108552,339.74195941910835,374.64496677869425,592.0017887640859,1564.557168492243,0,0,False,False,0,False,161.07945376732758,511290.77293881867,64423.21108146079
0.4440000000000002,317.43191542262156,339.84995227909656,374.6619285798349,591.5085814541873,1560.6204521759273,0,0,False,False,0,False,161.0889591595779,511720.6993983079,64423.21108146079
0.4532500000000004,317.6079641138754,339.95638327282035,374.6754911727344,591.0022226115149,1556.601104496889,0,0,False,False,0,False,161.0984589677223,512150.212531505,64423.21108146079
0.46250000000000013,317.7835378906364,340.0612479480517,374.6856550066677,590.482720242364,1552.4994814293466,0,0,False,False,0,False,161.10795240655602,512579.2857075174,64423.21108146079
0.47175000000000034,317.9586274862927,340.16454191642356,374.6924206914853,589.9500825638263,1548.3159530598252,0,0,False,False,0,False,161.11743869080524,513007.8921972142,64423.21108146079
0.4810000000000001,318.13247222659504,340.26536607712075,374.6948942210404,589.4036111331433,1544.0497163831994,0,0,False,False,0,False,161.1271840797075,513434.99988335755,64423.21108146079
0.4902500000000003,318.305583807741,340.3643382216366,374.69369857767595,588.8438051299834,1539.7019842872055,0,0,False,False,0,False,161.13700361240205,513861.27487970673,64423.21108146079
0.49950000000000006,318.4781864501196,340.4617323304204,374.689113028599,588.2708930275896,1535.2735245730807,0,0,False,False,0,False,161.1468136704465,514287.0019381828,64423.21108146079
0.5087500000000003,318.65027104393266,340.55754433761876,374.6811388903426,587.6848839198494,1530.7647530836155,0,0,False,False,0,False,161.1566134382346,514712.1540479241,64423.21108146079
0.518,318.821828506724,340.65177024068157,374.66977763808745,587.0857871104544,1526.1760977752053,0,0,False,False,0,False,161.16640210059273,515136.70411032066,64423.21108146079
0.5272500000000002,318.99284978385896,340.74440610042143,374.6550309054328,586.4736121127808,1521.5079959457194,0,0,False,False,0,False,161.17617884289598,515560.6249410592,64423.21108146079
0.5365000000000004,319.16238339558964,340.8343218707283,374.6357743138165,585.8474759833414,1516.7594117072956,0,0,False,False,0,False,161.1862801944361,515982.6836657394,64423.21108146079
0.5457500000000002,319.331324736256,340.9225965565072,374.61309263015386,585.208360626383,1511.9324310935508,0,0,False,False,0,False,161.19638265400718,516404.0058274226,64423.21108146079
0.5550000000000004,319.49970614881664,341.0092758214619,374.58703737431705,584.5560834479952,1507.0272099638694,0,0,False,False,0,False,161.20647063088433,516824.6167828065,64423.21108146079
0.5642500000000001,319.66751874626556,341.09435604412414,374.55761087485513,583.8907719569247,1502.0444337975362,0,0,False,False,0,False,161.21654328154435,517244.4891185635,64423.21108146079
0.5735000000000003,319.83475367161844,341.17783366581256,374.52481561663933,583.2124367475517,1496.9846048781396,0,0,False,False,0,False,161.2265997635342,517663.59534719406,64423.21108146079
0.5827500000000001,320.0013938288859,341.2596952658092,374.4886443157204,582.5210807317187,1491.8482285023633,0,0,False,False,0,False,161.2366422302017,518081.89783300256,64423.21108146079
0.5920000000000003,320.1664675898738,341.3387830147557,374.4479453724006,581.8157964969096,1486.634304414416,0,0,False,False,0,False,161.2470190362606,518498.19380827405,64423.21108146079
0.6012500000000001,320.3309408553083,341.4162644739116,374.4038926701638,581.0975256360025,1481.3449273120877,0,0,False,False,0,False,161.25737689701953,518913.6413089215,64423.21108146079
0.6105000000000003,320.4948049444518,341.49213639761547,374.35648937780235,580.3662796090233,1475.9806523574757,0,0,False,False,0,False,161.26771494214432,519328.21266528306,64423.21108146079
0.61975,320.65805120871835,341.5663956024051,374.30573881819913,579.6220700834103,1470.5420513662527,0,0,False,False,0,False,161.27803230291093,519741.8801458905,64423.21108146079
0.6290000000000002,320.82067103213006,341.63903896708837,374.2516444680547,578.8649089338645,1465.0297080440123,0,0,False,False,0,False,161.2883281123191,520154.6159599129,64423.21108146079
0.6382500000000004,320.9826558317722,341.7100634328148,374.194209957611,578.0948082421978,1459.4442229665044,0,0,False,False,0,False,161.29860150520565,520566.3922596382,64423.21108146079
0.6475000000000002,321.14312746051525,341.77842049616476,374.1323935633872,577.3109451888162,1453.7848214286678,0,0,False,False,0,False,161.30916987363364,520976.1698829636,64423.21108146079
0.6567500000000004,321.3028461972476,341.8450339027498,374.0671259014223,576.5140712318652,1448.0533597391045,0,0,False,False,0,False,161.31975194915728,521384.81154848734,64423.21108146079
0.6660000000000001,321.4619083535422,341.9100269023205,373.9985371820204,575.7042997300074,1442.2506430691226,0,0,False,False,0,False,161.33030856008264,521792.4109564041,64423.21108146079
0.6752500000000003,321.6203055342543,341.9733967426682,373.926631703285,574.8816436226864,1436.3773296468141,0,0,False,False,0,False,161.34083881547957,522198.94014831795,64423.21108146079
0.6845000000000001,321.7780293793361,342.03514073334986,373.85141391447166,574.0461160551871,1430.4340871073343,0,0,False,False,0,False,161.3513418268094,522604.3711224727,64423.21108146079
0.6937500000000003,321.9350715642776,342.0952562457674,373.77288841569083,573.1977303784661,1424.4215993590137,0,0,False,False,0,False,161.36181670803518,523008.6758364412,64423.21108146079
0.7030000000000001,322.09085905073687,342.1530598453462,373.69037908970455,572.335953945352,1418.3396631017422,0,0,False,False,0,False,161.37247177899854,523411.20259481994,64423.21108146079
0.7122500000000003,322.2455515686852,342.20875365987905,373.60409546988416,571.4609635681138,1412.1892603254744,0,0,False,False,0,False,161.38324471138597,523812.106187119,64423.21108146079
0.7215,322.3995420343007,342.2628194003097,373.5145267606032,570.5731613082581,1405.9717619493456,0,0,False,False,0,False,161.39398622378687,524211.80075966654,64423.21108146079
0.7307500000000002,322.5528223201176,342.3152547384963,373.4216782146054,569.6725613667463,1399.6879068508822,0,0,False,False,0,False,161.4046954061838,524610.2582245085,64423.21108146079
0.7400000000000004,322.7053843361528,342.36605740758137,373.32555523297395,568.7591781488517,1393.3384526472742,0,0,False,False,0,False,161.41537135162926,525007.4504674649,64423.21108146079
0.7492500000000002,322.85722003033254,342.41522520207985,373.2261633648159,567.8330262639737,1386.924167871877,0,0,False,False,0,False,161.42601315635272,525403.3493510146,64423.21108146079
0.7585000000000004,323.00826872691147,342.4626923557265,373.1234446846991,566.8940692487462,1380.4457516101552,0,0,False,False,0,False,161.43663958583244,525797.8716799924,64423.21108146079
0.7677500000000002,323.1576762259397,342.50743592952375,373.01638418028716,565.9414985662244,1373.9027304443998,0,0,False,False,0,False,161.44756625534853,526190.1033183312,64423.21108146079
0.7770000000000004,323.3063382265317,342.55054692994065,372.90608087011947,564.976209654182,1367.2972041312855,0,0,False,False,0,False,161.45845525645277,526580.9590870807,64423.21108146079
0.7862500000000001,323.4542468824528,342.59202344542933,372.79254093970513,563.9982179637788,1360.6300796068228,0,0,False,False,0,False,161.46930566343877,526970.4108721287,64423.21108146079
0.7955000000000003,323.6013943872293,342.63186362527716,372.6757707199475,563.0075391488476,1353.9021963383734,0,0,False,False,0,False,161.48011655435658,527358.4305513275,64423.21108146079
0.8047500000000001,323.74777297455995,342.6700656797044,372.55577668681013,562.0041890656886,1347.114407665079,0,0,False,False,0,False,161.4908870111164,527744.9899975611,64423.21108146079
0.8140000000000003,323.8933749187266,342.70662787996156,372.43256546097797,560.988183772857,1340.2675812605862,0,0,False,False,0,False,161.50161611959044,528130.0610818433,64423.21108146079
0.8232500000000005,324.0379445784236,342.7412489577221,372.3058442068093,559.959296648979,1333.3621999717964,0,0,False,False,0,False,161.51239665834015,528513.3695468807,64423.21108146079
0.8325000000000002,324.18103516886134,342.77339857644586,372.1750911032539,558.9171145104506,1326.3984589776292,0,0,False,False,0,False,161.5233942190775,528894.4496675093,64423.21108146079
0.8417500000000004,324.3233313775921,342.8039127475522,372.04115075957725,557.8623324203502,1319.3783733410703,0,0,False,False,0,False,161.53434664271325,529273.9595562182,64423.21108146079
0.8510000000000002,324.4648256943616,342.83279002878083,371.90403041326704,556.7949672687758,1312.3028616021313,0,0,False,False,0,False,161.5452529957522,529651.871193265,64423.21108146079
0.8602500000000004,324.60551065123843,342.86002903840455,371.76373744378805,555.7150361465165,1305.1728567269263,0,0,False,False,0,False,161.55611234924805,530028.1565732596,64423.21108146079
0.8695000000000002,324.7453788230086,342.8856284553363,371.6202793722269,554.6225563448197,1297.9893029484388,0,0,False,False,0,False,161.56692377890127,530402.7877084265,64423.21108146079
0.8787500000000004,324.88442282756705,342.9095870192364,371.4736638609324,553.5175453551551,1290.753154549109,0,0,False,False,0,False,161.57768636515524,530775.7366318901,64423.21108146079
0.8880000000000001,325.0224847430145,342.93172158613385,371.32371676866586,552.3998724335943,1283.465142514461,0,0,False,False,0,False,161.58845681849735,531146.834623155,64423.21108146079
0.8972500000000003,325.1589445518574,342.9512924909572,371.1697075126572,551.268951972668,1276.1252705066545,0,0,False,False,0,False,161.59946920281513,531515.4795592336,64423.21108146079
0.9065000000000001,325.294563938134,342.96922901197127,371.0125745325619,550.1255603590033,1268.7357586318674,0,0,False,False,0,False,161.6104287012074,531882.3614531766,64423.21108146079
0.9157500000000003,325.42933574398614,342.98553016751225,370.8523260867128,548.9697159045004,1261.2976065326236,0,0,False,False,0,False,161.62133437751075,532247.4525367783,64423.21108146079
0.9250000000000005,325.56325285629,343.00019503621087,370.68897057185546,547.8014371195941,1253.8118292444685,0,0,False,False,0,False,161.63218530089716,532610.7250797428,64423.21108146079
0.9342500000000002,325.6963082070316,343.01322275710953,370.5225165227736,546.6207427129928,1246.2794461233837,0,0,False,False,0,False,161.6429805459657,532972.1513931111,64423.21108146079
0.9435000000000004,325.8284947736802,343.02461252977895,370.35297261190976,545.4276515914121,1238.7014902442716,0,0,False,False,0,False,161.65371919283257,533331.7038327077,64423.21108146079
0.9527500000000002,325.95980557955824,343.034363614435,370.1803476489822,544.2221828593033,1231.0790041231826,0,0,False,False,0,False,161.6644003272193,533689.3548026129,64423.21108146079
0.9620000000000004,326.0896192583464,343.0417344125632,370.00390966110547,543.0037466096599,1223.412064915286,0,0,False,False,0,False,161.6752614533376,534044.5389929573,64423.21108146079
0.9712500000000002,326.2182757202597,343.047145201772,369.82408862713555,541.7727068992353,1215.7022877628285,0,0,False,False,0,False,161.68616777309006,534397.5307015243,64423.21108146079
0.9805000000000004,326.3460418741754,343.0509259890023,369.6412243303672,540.5293549464277,1207.9511731379969,0,0,False,False,0,False,161.69701227560066,534748.5418032649,64423.21108146079
0.9897500000000001,326.472910976721,343.05307630446873,369.45532615195975,539.273710662502,1200.1597965643057,0,0,False,False,0,False,161.70779403348388,535097.5450075592,64423.21108146079
0.9990000000000003,326.59887633186975,343.05359573863603,369.266403607393,538.0057941546164,1192.3292409780822,0,0,False,False,0,False,161.71851212555308,535444.5130897765,64423.21108146079
1.00825,326.7239312912937,343.05248394234343,369.07446634606805,536.7256257255233,1184.4605972635695,0,0,False,False,0,False,161.7291656369036,535789.4188948493,64423.21108146079
1.0175000000000003,326.8480692547147,343.04974062693043,368.8795241509054,535.4332258732636,1176.5549598999496,0,0,False,False,0,False,161.73975365899486,536132.235340868,64423.21108146079
1.0267500000000005,326.9712836702527,343.045365564362,368.6815869379384,534.128615290856,1168.6134323721012,0,0,False,False,0,False,161.75027528973047,536472.9354226915,64423.21108146079
1.0360000000000003,327.0929122481841,343.03857070746466,368.47987687601415,532.8111615292353,1160.636098872172,0,0,False,False,0,False,161.76098683896794,536810.9510694178,64423.21108146079
1.0452500000000005,327.2134096216883,343.02991281177043,368.274961008098,531.481345779477,1152.6247977984244,0,0,False,False,0,False,161.77170721154772,537146.634366602,64423.21108146079
1.0545000000000002,327.33297069403744,343.0196340404554,368.06709185566945,530.139389945492,1144.580964494159,0,0,False,False,0,False,161.7823566376013,537480.1245045582,64423.21108146079
1.0637500000000004,327.4515891549154,343.0077344268292,367.85627988066466,528.7853155123923,1136.5057201543625,0,0,False,False,0,False,161.79293420554865,537811.3948946435,64423.21108146079
1.0730000000000002,327.56925874375605,342.9942140644855,367.6425356750768,527.4191441582494,1128.4001906076098,0,0,False,False,0,False,161.80343901084697,538140.4190432122,64423.21108146079
1.0822500000000004,327.6859732500739,342.9790731074343,367.4258699605339,526.0408977537502,1120.2655048537267,0,0,False,False,0,False,161.8138701560659,538467.1705552939,64423.21108146079
1.0915000000000001,327.80172651379183,342.96231177023424,367.2062935878737,524.6505983618474,1112.1027945632507,0,0,False,False,0,False,161.8242267509612,538791.6231382821,64423.21108146079
1.1007500000000003,327.91651242556594,342.94393032812405,366.9838175367137,523.2482682374034,1103.913193573615,0,0,False,False,0,False,161.83450791254643,539113.7506056329,64423.21108146079
1.11,328.03010694607036,342.92366825471044,366.758192052574,521.8337115202775,1095.6975015607368,0,0,False,False,0,False,161.84479948449393,539433.3594808639,64423.21108146079
1.1192500000000003,328.142128965935,342.901079161328,366.5289815856686,520.4065757193866,1087.4562823333688,0,0,False,False,0,False,161.85525023639642,539750.134809412,64423.21108146079
1.1285000000000005,328.25317269647024,342.8768829243502,366.2969169176444,518.9674850114621,1079.1916007275051,0,0,False,False,0,False,161.86562076695975,540064.5111350601,64423.21108146079
1.1377500000000003,328.3632322768969,342.85108007129764,366.06200954711414,517.5164624272383,1070.9045952154079,0,0,False,False,0,False,161.8759101875515,540376.4627998745,64423.21108146079
1.1470000000000005,328.47230189837813,342.82367119008137,365.8242710983202,516.0535311871378,1062.5964009628653,0,0,False,False,0,False,161.88611761739025,540685.9642704524,64423.21108146079
1.1562500000000002,328.5803758043263,342.79465692914016,365.5837133206897,514.5787147008783,1054.2681551789499,0,0,False,False,0,False,161.89624218361223,540992.9901416475,64423.21108146079
1.1655000000000004,328.6874482907066,342.7640379975776,365.34034808838567,513.092036567072,1045.920993660268,0,0,False,False,0,False,161.90628302133652,541297.5151402989,64423.21108146079
1.1747500000000002,328.7935137063382,342.7318151652986,365.09418739985415,511.59352057281694,1037.5560473977123,0,0,False,False,0,False,161.91623927372933,541599.5141289625,64423.21108146079
1.1840000000000004,328.8985664531925,342.69798926314485,364.84524337736707,510.08319069327996,1029.174448861182,0,0,False,False,0,False,161.92611009206595,541898.9621096429,64423.21108146079
1.1932500000000001,329.00258179515714,342.66253837234746,364.5935054558791,508.56105178765745,1020.7772957800446,0,0,False,False,0,False,161.93590237010807,542195.8205990596,64423.21108146079
1.2025000000000003,329.10483255306906,342.62460735598046,364.3381299138817,507.02640272143265,1012.3646274554251,0,0,False,False,0,False,161.94590640899207,542489.5517970306,64423.21108146079
1.21175,329.2060617635481,342.58508842789195,364.0800204417317,505.4799390564891,1003.9385764211654,0,0,False,False,0,False,161.9558200066999,542780.6621100586,64423.21108146079
1.2210000000000003,329.30626408381585,342.54398266150395,363.81918964984584,503.92185458414394,995.500509976009,0,0,False,False,0,False,161.9656423135042,543069.1271957194,64423.21108146079
1.2302500000000005,329.405434225292,342.50129119093447,363.55565026921346,502.352087164936,987.0514092170267,0,0,False,False,0,False,161.975372488376,543354.922869449,64423.21108146079
1.2395000000000003,329.50356695387376,342.4570152111368,363.2894151509241,500.7706619048462,978.5923790793956,0,0,False,False,0,False,161.98500969904225,543638.0251082511,64423.21108146079
1.2487500000000005,329.60065709021194,342.4111559780382,363.0204972656906,499.17760409459095,970.1245216489586,0,0,False,False,0,False,161.99455312204157,543918.4100544017,64423.21108146079
1.2580000000000002,329.6966995099843,342.36371480867723,362.7489097033686,497.57293920913867,961.648929891716,0,0,False,False,0,False,162.0040019427789,544196.0540191446,64423.21108146079
1.2672500000000004,329.79168914416607,342.31469308134075,362.4746656724717,495.9566929072155,953.16669108809,0,0,False,False,0,False,162.01335535557868,544470.9334863821,64423.21108146079
1.2765000000000002,329.8856209792976,342.26409223569925,362.19777849968284,494.3288910308032,944.678885432421,0,0,False,False,0,False,162.02261256373657,544743.0251163557,64423.21108146079
1.2857500000000004,329.9784900577487,342.21191377294167,361.9182616293614,492.6895596046267,936.186586579552,0,0,False,False,0,False,162.03177277957002,545012.3057493179,64423.21108146079
1.2950000000000002,330.0697587175445,342.1575336257287,361.63550299286635,491.03818743266544,927.6900808333419,0,0,False,False,0,False,162.04105325234292,545278.4033246742,64423.21108146079
1.3042500000000004,330.15979997238304,342.10139995949885,361.3499628092288,489.37518271424284,919.1909837385995,0,0,False,False,0,False,162.0502989802224,545541.5418682665,64423.21108146079
1.3135000000000001,330.2487721003527,342.04370627169806,361.06184668374596,487.7007365637873,910.6905815864836,0,0,False,False,0,False,162.05944250662137,545801.8055545086,64423.21108146079
1.3227500000000003,330.336670405592,341.9844542954294,360.7711685109911,486.01487573549105,902.1899129623985,0,0,False,False,0,False,162.06848304876826,546059.1720327517,64423.21108146079
1.3320000000000005,330.4234902489144,341.92364582511345,360.47794229983265,484.3176271633647,893.6900079512704,0,0,False,False,0,False,162.07741983349436,546313.6191501851,64423.21108146079
1.3412500000000003,330.50922704805384,341.86128271662466,360.1821821729254,482.60901796067316,885.1918838992052,0,0,False,False,0,False,162.0862520972794,546565.1249554189,64423.21108146079
1.3505000000000005,330.593876277906,341.79736688742446,359.8839023661967,480.88907541936,876.6965509061476,0,0,False,False,0,False,162.09497908629632,546813.6677020477,64423.21108146079
1.3597500000000002,330.67743347076765,341.73190031669486,359.58311722832946,479.15782700946323,868.2050085621022,0,0,False,False,0,False,162.10360005645455,547059.225852199,64423.21108146079
1.3690000000000004,330.759894216572,341.6648850454697,359.2798412202407,477.4153003785184,859.7182427250815,0,0,False,False,0,False,162.11211427344222,547301.7780800607,64423.21108146079
1.3782500000000002,330.8412541631217,341.59632317676477,358.9740889145564,475.6615233509528,851.2372310527063,0,0,False,False,0,False,162.12052101276714,547541.3032753897,64423.21108146079
1.3875000000000004,330.9215090163186,341.52621687570655,358.6658749950816,473.8965239274669,842.7629397625063,0,0,False,False,0,False,162.12881955979634,547777.7805470005,64423.21108146079
1.3967500000000002,331.0006494318493,341.454562456899,358.35520834350694,472.1203251213171,834.296313337206,0,0,False,False,0,False,162.1370113292825,548011.1861484791,64423.21108146079
1.4060000000000004,331.07807242717337,341.38067063241544,358.0414122867371,470.3323504158077,825.8374610216542,0,0,False,False,0,False,162.14534424277537,548241.1385632111,64423.21108146079
1.4152500000000001,331.15438652050653,341.3052542635293,357.7252123479557,468.53324781890524,817.3881716897159,0,0,False,False,0,False,162.15356360197944,548467.9863851914,64423.21108146079
1.4245000000000003,331.22958768406585,341.228315736413,357.4066236216557,466.7230460298798,808.9493640759722,0,0,False,False,0,False,162.161668703361,548691.7096781153,64423.21108146079
1.4337500000000005,331.3036719488075,341.14985749916406,357.0856613099954,464.9017739208642,800.5219413425477,0,0,False,False,0,False,162.1696588538226,548912.2887413792,64423.21108146079
1.4430000000000003,331.37663540463683,341.069882061932,356.7623407222515,463.06946053617276,792.1067937261787,0,0,False,False,0,False,162.17753337073893,549129.7041134111,64423.21108146079
1.4522500000000005,331.448474200614,340.9883919970426,356.4366772742683,461.22613509160783,783.7048012682671,0,0,False,False,0,False,162.18529158199124,549343.9365749722,64423.21108146079
1.4615000000000002,331.5191845451579,340.90538993912156,356.1086864879032,459.3718269737558,775.3168278146331,0,0,False,False,0,False,162.19293282600125,549554.9671524299,64423.21108146079
1.4707500000000004,331.58876270624586,340.8208785852155,355.77838399046766,457.50656573926665,766.9437237311149,0,0,False,False,0,False,162.20045645176356,549762.7771209992,64423.21108146079
1.4800000000000002,331.6572050116107,340.73486069491173,355.44578551416464,455.6303811141254,758.58632865993,0,0,False,False,0,False,162.20786181887703,549967.3480079548,64423.21108146079
1.4892500000000004,331.7245078489347,340.64733909045606,355.11090689552145,453.74330299290574,750.245465562561,0,0,False,False,0,False,162.21514829757567,550168.6615958099,64423.21108146079
1.4985000000000002,331.79066766604006,340.5583166568687,354.77376407481904,451.84536143801427,741.9219444451494,0,0,False,False,0,False,162.22231526875768,550366.6999254612,64423.21108146079
1.5077500000000004,331.85568097107654,340.46779634205893,354.43437309551734,449.93658667891845,733.6165603005006,0,0,False,False,0,False,162.2293621240145,550561.4452993016,64423.21108146079
1.5170000000000006,331.9195443327056,340.37578115693697,354.0927501036764,448.01700911136294,725.3300968721105,0,0,False,False,0,False,162.236288265658,550752.8802842951,64423.21108146079
1.5262500000000003,331.98225438028163,340.28227417552455,353.7489113473731,446.0866592965699,717.0633207497856,0,0,False,False,0,False,162.24309310674747,550940.9877150176,64423.21108146079
1.5355000000000005,332.0434562687641,340.186881898722,353.4024765397735,444.1452128309313,708.8165244138343,0,0,False,False,0,False,162.24992418880302,551125.5591867142,64423.21108146079
1.5447500000000003,332.1033651925345,340.08985614708536,353.0537107512122,442.1929217018646,700.5907385685888,0,0,False,False,0,False,162.25668909633595,551306.69678224,64423.21108146079
1.5540000000000005,332.1621203891987,339.99136117561204,352.70279152327896,440.22996088672653,692.3868749438554,0,0,False,False,0,False,162.26332728461358,551484.4617150404,64423.21108146079
1.5632500000000003,332.21971875771504,339.89140026656565,352.3497354609422,438.25636159619893,684.2056431372279,0,0,False,False,0,False,162.2698381865693,551658.837952743,64423.21108146079
1.5725000000000005,332.27615725809807,339.7899767651093,351.994559267479,436.27215520217436,676.0477371937577,0,0,False,False,0,False,162.27622124645146,551829.8097446738,64423.21108146079
1.5817500000000002,332.33143291157904,339.68709407940963,351.63727974387433,434.2774239941348,667.9139037581032,0,0,False,False,0,False,162.28247591984666,551997.3616246514,64423.21108146079
1.5910000000000004,332.38554280076323,339.58275568073896,351.27791378821615,432.27209272689174,659.8046718321235,0,0,False,False,0,False,162.28860167370277,552161.4784137385,64423.21108146079
1.6002500000000002,332.43848406978367,339.4769651035749,350.91647839508653,430.25624988844515,651.7207646212623,0,0,False,False,0,False,162.29459798635074,552322.1452229486,64423.21108146079
1.6095000000000004,332.49025392445213,339.3697259456983,350.552990654949,428.22992745950086,643.6628185263793,0,0,False,False,0,False,162.30046434752592,552479.3474559085,64423.21108146079
1.6187500000000006,332.54084963240643,339.2610418682882,350.1874677535315,426.19315757812836,635.6314553006398,0,0,False,False,0,False,162.3062002583883,552633.0708114759,64423.21108146079
1.6280000000000003,332.5902685232547,339.15091659601524,349.8199269712061,424.14597253882755,627.6272820654244,0,0,False,False,0,False,162.31180523154222,552783.3012863093,64423.21108146079
1.6372500000000005,332.63850798871636,339.03935391713236,349.45038568236384,422.0884047915746,619.6508913350992,0,0,False,False,0,False,162.3172787910553,552930.025177392,64423.21108146079
1.6465000000000003,332.6855654827597,338.9263576835634,349.07886135478674,420.02048694085056,611.7028610503008,0,0,False,False,0,False,162.32262047247647,553073.2290845062,64423.21108146079
1.6557500000000005,332.7314385217364,338.81193181098934,348.70537154901496,417.94225174464646,603.783754619444,0,0,False,False,0,False,162.3278298228537,553212.8999126602,64423.21108146079
1.6650000000000003,332.7761246845123,338.69608027893196,348.3299339177109,415.85373211345075,595.894121928681,0,0,False,False,0,False,162.33290640075037,553349.0248744643,64423.21108146079
1.6742500000000005,332.81962161259565,338.5788071308355,347.9525662050184,413.75496110921193,588.0344955529464,0,0,False,False,0,False,162.33784977626203,553481.5914924552,64423.21108146079
1.6835000000000002,332.8619270102612,338.46011647414565,347.57328624591935,411.6459719442831,580.2053965945179,0,0,False,False,0,False,162.3426595310312,553610.5876013722,64423.21108146079
1.6927500000000004,332.9030386446715,338.34001248038606,347.19211196558524,409.52679798034046,572.4073309018611,0,0,False,False,0,False,162.34733525826263,553736.0013503776,64423.21108146079
1.7020000000000002,332.94295434599485,338.2184993852327,346.8090613787258,407.39747272728266,564.640790111516,0,0,False,False,0,False,162.35187656273746,553857.8212052266,64423.21108146079
1.7112500000000004,332.98167200751965,338.09558148858514,346.42415258893305,405.25802984210367,556.9062517325954,0,0,False,False,0,False,162.35628306082677,553976.0359503815,64423.21108146079
1.7205000000000006,333.0190306529197,337.9710912751818,346.0372319085677,403.1083431713206,549.2039911098766,0,0,False,False,0,False,162.36062217014847,554090.5557470832,64423.21108146079
1.7297500000000003,333.05504539376386,337.8450529007673,345.6483373441974,400.94846404909276,541.5344819803101,0,0,False,False,0,False,162.36488630379722,554201.3784215967,64423.21108146079
1.7390000000000005,333.089866126149,337.71763536675,345.25765177052216,398.7785793971217,533.8983385899915,0,0,False,False,0,False,162.36901037363012,554308.5691146436,64423.21108146079
1.7482500000000003,333.123491012271,337.58884316548915,344.8651935749304,396.59872344220145,526.2959836660222,0,0,False,False,0,False,162.37299402787525,554412.1179246305,64423.21108146079
1.7575000000000005,333.15591827744134,337.4586808532349,344.470981229705,394.40893055231084,518.7278253498883,0,0,False,False,0,False,162.37683692690857,554512.0152778002,64423.21108146079
1.7667500000000003,333.1871462101808,337.32715305018905,344.0750332913494,392.20923523534657,511.19425828118375,0,0,False,False,0,False,162.38053874326562,554608.2519300047,64423.21108146079
1.7760000000000005,333.2171731623097,337.1942644405625,343.6773683999102,389.99967213782696,503.6956646657592,0,0,False,False,0,False,162.3840991616524,554700.8189684192,64423.21108146079
1.7852500000000002,333.2459975490349,337.06001977263037,343.278005278295,387.7802760435697,496.23241060141646,0,0,False,False,0,False,162.38751787895598,554789.7078131989,64423.21108146079
1.7945000000000004,333.27361784903354,336.9244238587841,342.87696273158724,385.5510818723408,488.8048519267488,0,0,False,False,0,False,162.3907946042544,554874.9102190745,64423.21108146079
1.8037500000000002,333.3000326045333,336.7874815755809,342.47425964635715,383.31212467847536,481.4133314732626,0,0,False,False,0,False,162.39392905882602,554956.418276888,64423.21108146079
1.8130000000000004,333.3252404213893,336.6491978637902,342.06991498996877,381.06343964947,474.05817636885837,0,0,False,False,0,False,162.39692097615867,555034.2244150689,64423.21108146079
1.8222500000000006,333.3492399691576,336.5095777284375,341.66394780988327,378.8050390996274,466.73967930125553,0,0,False,False,0,False,162.39977010195798,555108.3214010481,64423.21108146079
1.8315000000000003,333.37202998116567,336.368626238845,341.2563772329589,376.53700943554134,459.45819877409565,0,0,False,False,0,False,162.40247619415538,555178.7023426103,64423.21108146079
1.8407500000000006,333.393609254579,336.2263485286699,340.8472224647467,374.25935741712277,452.2139958748572,0,0,False,False,0,False,162.4050390229159,555245.3606891852,64423.21108146079
1.85,333.41397665046475,336.082749795939,340.43650278878306,371.9721188619471,445.0073478611768,0,0,False,False,0,False,162.407458370645,555308.2902330742,64423.21108146079
